email,date_added,reason
amylott@allstarinsurance.net,2026-10-05,unsubscribed
jason@amfig.com,2026-10-07,bounced (bounced)
amberachhamey@aachhameyins.com,2026-10-07,bounced (bounced)
julie@alphaomegallc.com,2026-10-07,bounced (bounced)
kim@alliedriskservices.com,2026-10-07,bounced (bounced)
allie@alliejacksoninsurance.com,2026-10-07,bounced (bounced)
daric@free24hourquote.com,2026-10-07,bounced (bounced)
alleyagency@gmail.com,2026-10-07,bounced (bounced)
susie@draneyinsurance.com,2026-10-07,bounced (bounced)
info@allinsured.xyz,2026-10-07,bounced (bounced)
adagentyang@gmail.com,2026-10-07,bounced (bounced)
wgagliano@paris-kirwan.com,2026-10-07,bounced (bounced)
martinhouston@alabamaone.org,2026-10-07,bounced (bounced)
landerson.aisan01@insuremail.net,2026-10-07,bounced (bounced)
teresia@agentsinsurance.net,2026-10-07,bounced (bounced)
manager@myaffordableco.com,2026-10-07,bounced (bounced)
troy@advisorassurance.net,2026-10-07,bounced (bounced)
chris@swbn.ca,2026-10-07,bounced (bounced)
mvelez@admiralsinsurance.com,2026-10-07,bounced (bounced)
jake@adamsellsworth.com,2026-10-07,bounced (bounced)
akorson@fbinsmi.com,2026-10-07,bounced (bounced)
greg@acropolisins.com,2026-10-07,bounced (bounced)
trussell@abwinsurancegroup.com,2026-10-07,bounced (bounced)
mdipres@abdiinsurance.com,2026-10-07,bounced (bounced)
amanda.defreitas@palazzolainsurance.com,2026-10-07,bounced (bounced)
tomd@3pointsins.com,2026-10-07,bounced (bounced)
sarabeam@cnymail.com,2026-10-07,bounced (bounced)
escalinar@yahoo.com,2026-10-07,bounced (bounced)
rebecca@1stchoicedirectins.com,2026-10-07,bounced (bounced)
stephen_uhlman@uia4u.com,2026-10-07,bounced (bounced)
nheath@occusure.com,2026-10-07,bounced (bounced)
jordanhall@nationalinsuranceadv.com,2026-10-07,bounced (bounced)
will@minfing.com,2026-10-07,bounced (bounced)
tom@midsouthinsure.com,2026-10-07,bounced (bounced)
markm@massingillagency.com,2026-10-07,bounced (bounced)
adixon@insuranceadvisorstn.com,2026-10-07,bounced (bounced)
calrat@calratinsurance.com,2026-10-07,bounced (bounced)
jamie@bluemtninsurance.com,2026-10-07,bounced (bounced)
eddie@akersinsurancetn.com,2026-10-07,bounced (bounced)
